<?xml version="1.0" encoding="utf-8"?>
<!--
<!DOCTYPE xbel PUBLIC "+//IDN python.org//DTD XML Bookmark Exchange Language 1.0//EN//XML" "http://www.python.org/topics/xml/dtds/xbel-1.0.dtd">
-->
<xbel>
  <title>Some 4Suite Bookmarks</title>
  <!-- No top level bookmars -->
  <folder>
    <title>Main links</title>
    <bookmark href="http://4suite.org/">
      <title>4Suite home page</title>
    </bookmark>
    <bookmark href="http://foursuite.sourceforge.net/">
      <title>4Suite on SourceForge</title>
    </bookmark>
    <bookmark href="http://uche.ogbuji.net/tech/4Suite/">
      <title>Uche's 4Suite page</title>
    </bookmark>
    <bookmark href="http://twistedmatrix.com/users/jh.twistd/xml-sig/moin.cgi/FtSuiteWiki">
      <title>4Suite Wiki</title>
    </bookmark>
  </folder>
  <folder>
    <title>Articles</title>
    <bookmark href="http://www.xml.com/pub/a/2002/10/16/py-xml.html">
      <title>Python &amp; XML: A Tour of 4Suite</title>
    </bookmark>
    <folder>
      <title>Free registration required</title>
      <bookmark href="http://www-105.ibm.com/developerworks/education.nsf/xml-onlinecourse-bytitle/BE1A7E60838F9F7686256AF400523C58">
        <title>Python and XML development using 4Suite, Part 2: 4XPath and 4XSLT </title>
      </bookmark>
      <bookmark href="http://www-105.ibm.com/developerworks/education.nsf/xml-onlinecourse-bytitle/8A1EA5A2CF4621C386256BBB006F4CEC">
        <title>Python and XML development using 4Suite, Part 3: 4RDF</title>
      </bookmark>
      <bookmark href="http://www-105.ibm.com/developerworks/education.nsf/xml-onlinecourse-bytitle/CD1A8865668D9A2E86256C910062D445?OpenDocument">
        <title>Develop Python/XML with 4Suite, Part 5: The Repository Features</title>
      </bookmark>
    </folder>
  </folder>
  <folder>
    <title>Mailing lists</title>
    <bookmark href="http://lists.fourthought.com/mailman/listinfo/4suite">
      <title>4Suite Mailing List</title>
    </bookmark>
    <bookmark href="http://lists.fourthought.com/mailman/listinfo/4suite-ann">
      <title>4Suite Announcements Mailing List</title>
    </bookmark>
    <bookmark href="http://lists.fourthought.com/mailman/listinfo/4suite-dev">
      <title>4Suite Developer Mailing List</title>
    </bookmark>
  </folder>
</xbel>
